code,code_generated,name,owner,category,status,acq_date,cost,accum,book_value,remaining_life,method
AS-the tenant-0001,1,Damoda Drone Base Battery,PT the tenant,Komponen Drone,Unregistered Asset,2025-06-18,456361.0,0.0,0.0,0,
AS-the tenant-0002,1,Damoda Drone Base Battery,PT the tenant,Komponen Drone,Unregistered Asset,2025-06-18,456361.0,0.0,0.0,0,
AS-the tenant-0003,1,Damoda Drone Base Battery,PT the tenant,Komponen Drone,Unregistered Asset,2025-06-18,456361.0,0.0,0.0,0,
AS-the tenant-0004,1,Damoda Drone Base Battery,PT the tenant,Komponen Drone,Unregistered Asset,2025-06-18,456361.0,0.0,0.0,0,
AS-the tenant-0005,1,Damoda Drone Base Battery,PT the tenant,Komponen Drone,Unregistered Asset,2025-06-18,456361.0,0.0,0.0,0,
AS-the tenant-0006,1,Damoda Drone Base Battery,PT the tenant,Komponen Drone,Unregistered Asset,2025-06-18,456361.0,0.0,0.0,0,
AS-the tenant-0007,1,Damoda Drone Base Battery,PT the tenant,Komponen Drone,Unregistered Asset,2025-06-18,456361.0,0.0,0.0,0,
AS-the tenant-0008,1,Damoda Drone Base Battery,PT the tenant,Komponen Drone,Unregistered Asset,2025-06-18,456361.0,0.0,0.0,0,
AS-the tenant-0009,1,Damoda Drone Base Battery,PT the tenant,Komponen Drone,Unregistered Asset,2025-06-18,456361.0,0.0,0.0,0,
AS-the tenant-0010,1,Damoda Drone Base Battery,PT the tenant,Komponen Drone,Unregistered Asset,2025-06-18,456361.0,0.0,0.0,0,
AS-the tenant-0011,1,Damoda Drone Base Battery,PT the tenant,Komponen Drone,Unregistered Asset,2025-06-18,456361.0,0.0,0.0,0,
AS-the tenant-0012,1,Damoda Drone Base Battery,PT the tenant,Komponen Drone,Unregistered Asset,2025-06-18,456361.0,0.0,0.0,0,
AS-the tenant-0013,1,Drone Anemometer,PT the tenant,Komponen Drone,Unregistered Asset,2025-06-18,632060.0,0.0,0.0,0,
AS-the tenant-0014,1,Drone Anemometer,PT the tenant,Komponen Drone,Unregistered Asset,2025-06-18,632060.0,0.0,0.0,0,
AS-the tenant-0015,1,Drone Anemometer,PT the tenant,Komponen Drone,Unregistered Asset,2025-06-18,632060.0,0.0,0.0,0,
AS-the tenant-0016,1,Damoda Adapter for Drone AP,PT the tenant,Komponen Drone,Unregistered Asset,2025-06-18,159726.0,0.0,0.0,0,
AS-the tenant-0017,1,Damoda Adapter for Drone AP,PT the tenant,Komponen Drone,Unregistered Asset,2025-06-18,159726.0,0.0,0.0,0,
AS-the tenant-0018,1,Damoda Adapter for Drone AP,PT the tenant,Komponen Drone,Unregistered Asset,2025-06-18,159726.0,0.0,0.0,0,
AS-the tenant-0019,1,Damoda Adapter for Drone AP,PT the tenant,Komponen Drone,Unregistered Asset,2025-06-18,159726.0,0.0,0.0,0,
AS-the tenant-0020,1,Damoda Adapter for Drone AP,PT the tenant,Komponen Drone,Unregistered Asset,2025-06-18,159726.0,0.0,0.0,0,
AS-the tenant-0021,1,Damoda Adapter for Drone AP,PT the tenant,Komponen Drone,Unregistered Asset,2025-06-18,159726.0,0.0,0.0,0,
AS-the tenant-0022,1,Damoda Adapter for Drone AP,PT the tenant,Komponen Drone,Unregistered Asset,2025-06-18,159726.0,0.0,0.0,0,
AS-the tenant-0023,1,Damoda Adapter for Drone AP,PT the tenant,Komponen Drone,Unregistered Asset,2025-06-18,159726.0,0.0,0.0,0,
AS-the tenant-0024,1,Damoda Adapter for Drone AP,PT the tenant,Komponen Drone,Unregistered Asset,2025-06-18,159726.0,0.0,0.0,0,
AS-the tenant-0025,1,Damoda Adapter for Drone AP,PT the tenant,Komponen Drone,Unregistered Asset,2025-06-18,159726.0,0.0,0.0,0,
AS-the tenant-0026,1,Damoda Adapter for Drone AP,PT the tenant,Komponen Drone,Unregistered Asset,2025-06-18,159726.0,0.0,0.0,0,
AS-the tenant-0027,1,Damoda Battery Measurment Device,PT the tenant,Komponen Drone,Unregistered Asset,2025-06-18,684541.0,0.0,0.0,0,
AS-the tenant-0028,1,Damoda Battery Measurment Device,PT the tenant,Komponen Drone,Unregistered Asset,2025-06-18,684541.0,0.0,0.0,0,
AS-the tenant-0029,1,Damoda Battery Measurment Device,PT the tenant,Komponen Drone,Unregistered Asset,2025-06-18,684541.0,0.0,0.0,0,
AS-the tenant-0030,1,Damoda Battery Measurment Device,PT the tenant,Komponen Drone,Unregistered Asset,2025-06-18,684541.0,0.0,0.0,0,
AS-the tenant-0031,1,Damoda Battery Measurment Device,PT the tenant,Komponen Drone,Unregistered Asset,2025-06-18,684541.0,0.0,0.0,0,
AS-the tenant-0032,1,Damoda Battery Measurment Device,PT the tenant,Komponen Drone,Unregistered Asset,2025-06-18,684541.0,0.0,0.0,0,
AS-the tenant-0033,1,Damoda Battery Measurment Device,PT the tenant,Komponen Drone,Unregistered Asset,2025-06-18,684541.0,0.0,0.0,0,
AS-the tenant-0034,1,Damoda Battery Measurment Device,PT the tenant,Komponen Drone,Unregistered Asset,2025-06-18,684541.0,0.0,0.0,0,
AS-the tenant-0035,1,Damoda Battery Measurment Device,PT the tenant,Komponen Drone,Unregistered Asset,2025-06-18,684541.0,0.0,0.0,0,
AS-the tenant-0036,1,Damoda Battery Measurment Device,PT the tenant,Komponen Drone,Unregistered Asset,2025-06-18,684541.0,0.0,0.0,0,
AS-the tenant-0037,1,Damoda Battery Measurment Device,PT the tenant,Komponen Drone,Unregistered Asset,2025-06-18,684541.0,0.0,0.0,0,
AS-the tenant-0038,1,Damoda Battery Measurment Device,PT the tenant,Komponen Drone,Unregistered Asset,2025-06-18,684541.0,0.0,0.0,0,
AS-the tenant-0039,1,Damoda Battery Measurment Device,PT the tenant,Komponen Drone,Unregistered Asset,2025-06-18,684541.0,0.0,0.0,0,
AS-the tenant-0040,1,Damoda Battery Measurment Device,PT the tenant,Komponen Drone,Unregistered Asset,2025-06-18,684541.0,0.0,0.0,0,
AS-the tenant-0041,1,Damoda Battery Measurment Device,PT the tenant,Komponen Drone,Unregistered Asset,2025-06-18,684541.0,0.0,0.0,0,
AS-the tenant-0042,1,Damoda Battery Measurment Device,PT the tenant,Komponen Drone,Unregistered Asset,2025-06-18,684541.0,0.0,0.0,0,
AS-the tenant-0043,1,Damoda Battery Measurment Device,PT the tenant,Komponen Drone,Unregistered Asset,2025-06-18,684541.0,0.0,0.0,0,
AS-the tenant-0044,1,Damoda Battery Measurment Device,PT the tenant,Komponen Drone,Unregistered Asset,2025-06-18,684541.0,0.0,0.0,0,
AS-the tenant-0045,1,Damoda Battery Measurment Device,PT the tenant,Komponen Drone,Unregistered Asset,2025-06-18,684541.0,0.0,0.0,0,
AS-the tenant-0046,1,Damoda Battery Measurment Device,PT the tenant,Komponen Drone,Unregistered Asset,2025-06-18,684541.0,0.0,0.0,0,
AS-the tenant-0047,1,Damoda Battery Measurment Device,PT the tenant,Komponen Drone,Unregistered Asset,2025-06-18,684541.0,0.0,0.0,0,
AS-the tenant-0048,1,Damoda Battery Measurment Device,PT the tenant,Komponen Drone,Unregistered Asset,2025-06-18,684541.0,0.0,0.0,0,
AS-the tenant-0049,1,Damoda Battery Measurment Device,PT the tenant,Komponen Drone,Unregistered Asset,2025-06-18,684541.0,0.0,0.0,0,
AS-the tenant-0050,1,Damoda Battery Measurment Device,PT the tenant,Komponen Drone,Unregistered Asset,2025-06-18,684541.0,0.0,0.0,0,
AS-the tenant-0051,1,Damoda Battery Measurment Device,PT the tenant,Komponen Drone,Unregistered Asset,2025-06-18,684541.0,0.0,0.0,0,
AS-the tenant-0052,1,Damoda Battery Measurment Device,PT the tenant,Komponen Drone,Unregistered Asset,2025-06-18,684541.0,0.0,0.0,0,
AS-the tenant-0053,1,Damoda Battery Measurment Device,PT the tenant,Komponen Drone,Unregistered Asset,2025-06-18,684541.0,0.0,0.0,0,
AS-the tenant-0054,1,Damoda Battery Measurment Device,PT the tenant,Komponen Drone,Unregistered Asset,2025-06-18,684541.0,0.0,0.0,0,
AS-the tenant-0055,1,Damoda Battery Measurment Device,PT the tenant,Komponen Drone,Unregistered Asset,2025-06-18,684541.0,0.0,0.0,0,
AS-the tenant-0056,1,Damoda Battery Measurment Device,PT the tenant,Komponen Drone,Unregistered Asset,2025-06-18,684541.0,0.0,0.0,0,
AS-the tenant-0057,1,Damoda Battery Measurment Device,PT the tenant,Komponen Drone,Unregistered Asset,2025-06-18,684541.0,0.0,0.0,0,
AS-the tenant-0058,1,Damoda Battery Measurment Device,PT the tenant,Komponen Drone,Unregistered Asset,2025-06-18,684541.0,0.0,0.0,0,
AS-the tenant-0059,1,Damoda Base Radio PC Connector,PT the tenant,Komponen Drone,Unregistered Asset,2025-06-18,228180.0,0.0,0.0,0,
AS-the tenant-0060,1,Damoda Base Radio PC Connector,PT the tenant,Komponen Drone,Unregistered Asset,2025-06-18,228180.0,0.0,0.0,0,
AS-the tenant-0061,1,Damoda Base Radio PC Connector,PT the tenant,Komponen Drone,Unregistered Asset,2025-06-18,228180.0,0.0,0.0,0,
AS-the tenant-0062,1,Damoda Base Radio PC Connector,PT the tenant,Komponen Drone,Unregistered Asset,2025-06-18,228180.0,0.0,0.0,0,
AS-the tenant-0063,1,Damoda Base Radio PC Connector,PT the tenant,Komponen Drone,Unregistered Asset,2025-06-18,228180.0,0.0,0.0,0,
AS-the tenant-0064,1,Damoda Base Radio PC Connector,PT the tenant,Komponen Drone,Unregistered Asset,2025-06-18,228180.0,0.0,0.0,0,
AS-the tenant-0065,1,Damoda Base Radio PC Connector,PT the tenant,Komponen Drone,Unregistered Asset,2025-06-18,228180.0,0.0,0.0,0,
AS-the tenant-0066,1,Damoda Base Radio PC Connector,PT the tenant,Komponen Drone,Unregistered Asset,2025-06-18,228180.0,0.0,0.0,0,
AS-the tenant-0067,1,Damoda Base Radio PC Connector,PT the tenant,Komponen Drone,Unregistered Asset,2025-06-18,228180.0,0.0,0.0,0,
AS-the tenant-0068,1,Damoda Base Radio PC Connector,PT the tenant,Komponen Drone,Unregistered Asset,2025-06-18,228180.0,0.0,0.0,0,
AS-the tenant-0069,1,Damoda Base Radio PC Connector,PT the tenant,Komponen Drone,Unregistered Asset,2025-06-18,228180.0,0.0,0.0,0,
AS-the tenant-0070,1,Damoda Drone Propeller,PT the tenant,Komponen Drone,Unregistered Asset,2025-06-18,114090.0,0.0,0.0,0,
AS-the tenant-0071,1,Damoda Drone Propeller,PT the tenant,Komponen Drone,Unregistered Asset,2025-06-18,114090.0,0.0,0.0,0,
AS-the tenant-0072,1,Damoda Drone Propeller,PT the tenant,Komponen Drone,Unregistered Asset,2025-06-18,114090.0,0.0,0.0,0,
AS-the tenant-0073,1,Damoda Drone Propeller,PT the tenant,Komponen Drone,Unregistered Asset,2025-06-18,114090.0,0.0,0.0,0,
AS-the tenant-0074,1,Damoda Drone Propeller,PT the tenant,Komponen Drone,Unregistered Asset,2025-06-18,114090.0,0.0,0.0,0,
AS-the tenant-0075,1,Damoda Drone Propeller,PT the tenant,Komponen Drone,Unregistered Asset,2025-06-18,114090.0,0.0,0.0,0,
AS-the tenant-0076,1,Damoda Drone Propeller,PT the tenant,Komponen Drone,Unregistered Asset,2025-06-18,114090.0,0.0,0.0,0,
AS-the tenant-0077,1,Damoda Drone Propeller,PT the tenant,Komponen Drone,Unregistered Asset,2025-06-18,114090.0,0.0,0.0,0,
AS-the tenant-0078,1,Damoda Drone Propeller,PT the tenant,Komponen Drone,Unregistered Asset,2025-06-18,114090.0,0.0,0.0,0,
AS-the tenant-0079,1,Damoda Drone Propeller,PT the tenant,Komponen Drone,Unregistered Asset,2025-06-18,114090.0,0.0,0.0,0,
AS-the tenant-0080,1,Damoda Drone Propeller,PT the tenant,Komponen Drone,Unregistered Asset,2025-06-18,114090.0,0.0,0.0,0,
AS-the tenant-0081,1,Damoda Drone Propeller,PT the tenant,Komponen Drone,Unregistered Asset,2025-06-18,114090.0,0.0,0.0,0,
AS-the tenant-0082,1,Damoda Drone Propeller,PT the tenant,Komponen Drone,Unregistered Asset,2025-06-18,114090.0,0.0,0.0,0,
AS-the tenant-0083,1,Damoda Drone Propeller,PT the tenant,Komponen Drone,Unregistered Asset,2025-06-18,114090.0,0.0,0.0,0,
AS-the tenant-0084,1,Damoda Drone Propeller,PT the tenant,Komponen Drone,Unregistered Asset,2025-06-18,114090.0,0.0,0.0,0,
AS-the tenant-0085,1,Damoda Drone Propeller,PT the tenant,Komponen Drone,Unregistered Asset,2025-06-18,114090.0,0.0,0.0,0,
AS-the tenant-0086,1,Damoda Drone Propeller,PT the tenant,Komponen Drone,Unregistered Asset,2025-06-18,114090.0,0.0,0.0,0,
AS-the tenant-0087,1,Damoda Drone Propeller,PT the tenant,Komponen Drone,Unregistered Asset,2025-06-18,114090.0,0.0,0.0,0,
AS-the tenant-0088,1,Damoda Drone Propeller,PT the tenant,Komponen Drone,Unregistered Asset,2025-06-18,114090.0,0.0,0.0,0,
AS-the tenant-0089,1,Damoda Drone Propeller,PT the tenant,Komponen Drone,Unregistered Asset,2025-06-18,114090.0,0.0,0.0,0,
AS-the tenant-0090,1,Damoda Drone Propeller,PT the tenant,Komponen Drone,Unregistered Asset,2025-06-18,114090.0,0.0,0.0,0,
AS-the tenant-0091,1,Damoda Drone Propeller,PT the tenant,Komponen Drone,Unregistered Asset,2025-06-18,114090.0,0.0,0.0,0,
AS-the tenant-0092,1,Damoda Drone Propeller,PT the tenant,Komponen Drone,Unregistered Asset,2025-06-18,114090.0,0.0,0.0,0,
AS-the tenant-0093,1,Damoda Drone Propeller,PT the tenant,Komponen Drone,Unregistered Asset,2025-06-18,114090.0,0.0,0.0,0,
AS-the tenant-0094,1,Damoda Drone Propeller,PT the tenant,Komponen Drone,Unregistered Asset,2025-06-18,114090.0,0.0,0.0,0,
AS-the tenant-0095,1,Damoda Drone Propeller,PT the tenant,Komponen Drone,Unregistered Asset,2025-06-18,114090.0,0.0,0.0,0,
AS-the tenant-0096,1,Damoda Drone Propeller,PT the tenant,Komponen Drone,Unregistered Asset,2025-06-18,114090.0,0.0,0.0,0,
AS-the tenant-0097,1,Damoda Drone Propeller,PT the tenant,Komponen Drone,Unregistered Asset,2025-06-18,114090.0,0.0,0.0,0,
AS-the tenant-0098,1,Damoda Drone Propeller,PT the tenant,Komponen Drone,Unregistered Asset,2025-06-18,114090.0,0.0,0.0,0,
AS-the tenant-0099,1,Damoda Drone Propeller,PT the tenant,Komponen Drone,Unregistered Asset,2025-06-18,114090.0,0.0,0.0,0,
AS-the tenant-0100,1,Damoda Drone Propeller,PT the tenant,Komponen Drone,Unregistered Asset,2025-06-18,114090.0,0.0,0.0,0,
AS-the tenant-0101,1,Damoda Drone Propeller,PT the tenant,Komponen Drone,Unregistered Asset,2025-06-18,114090.0,0.0,0.0,0,
AS-the tenant-0102,1,Damoda Drone Propeller,PT the tenant,Komponen Drone,Unregistered Asset,2025-06-18,114090.0,0.0,0.0,0,
AS-the tenant-0103,1,Damoda Drone Propeller,PT the tenant,Komponen Drone,Unregistered Asset,2025-06-18,114090.0,0.0,0.0,0,
AS-the tenant-0104,1,Damoda Drone Propeller,PT the tenant,Komponen Drone,Unregistered Asset,2025-06-18,114090.0,0.0,0.0,0,
AS-the tenant-0105,1,Damoda Drone Propeller,PT the tenant,Komponen Drone,Unregistered Asset,2025-06-18,114090.0,0.0,0.0,0,
AS-the tenant-0106,1,Damoda Drone Propeller,PT the tenant,Komponen Drone,Unregistered Asset,2025-06-18,114090.0,0.0,0.0,0,
AS-the tenant-0107,1,Damoda Drone Propeller,PT the tenant,Komponen Drone,Unregistered Asset,2025-06-18,114090.0,0.0,0.0,0,
AS-the tenant-0108,1,Damoda Drone Propeller,PT the tenant,Komponen Drone,Unregistered Asset,2025-06-18,114090.0,0.0,0.0,0,
AS-the tenant-0109,1,Damoda Drone Propeller,PT the tenant,Komponen Drone,Unregistered Asset,2025-06-18,114090.0,0.0,0.0,0,
AS-the tenant-0110,1,Damoda Drone Propeller,PT the tenant,Komponen Drone,Unregistered Asset,2025-06-18,114090.0,0.0,0.0,0,
AS-the tenant-0111,1,Damoda Drone Propeller,PT the tenant,Komponen Drone,Unregistered Asset,2025-06-18,114090.0,0.0,0.0,0,
AS-the tenant-0112,1,Damoda Drone Propeller,PT the tenant,Komponen Drone,Unregistered Asset,2025-06-18,114090.0,0.0,0.0,0,
AS-the tenant-0113,1,Damoda Drone Propeller,PT the tenant,Komponen Drone,Unregistered Asset,2025-06-18,114090.0,0.0,0.0,0,
AS-the tenant-0114,1,Damoda Drone Propeller,PT the tenant,Komponen Drone,Unregistered Asset,2025-06-18,114090.0,0.0,0.0,0,
AS-the tenant-0115,1,Damoda Drone Propeller,PT the tenant,Komponen Drone,Unregistered Asset,2025-06-18,114090.0,0.0,0.0,0,
AS-the tenant-0116,1,Damoda Drone Propeller,PT the tenant,Komponen Drone,Unregistered Asset,2025-06-18,114090.0,0.0,0.0,0,
AS-the tenant-0117,1,Damoda Drone Propeller,PT the tenant,Komponen Drone,Unregistered Asset,2025-06-18,114090.0,0.0,0.0,0,
AS-the tenant-0118,1,Damoda Drone Propeller,PT the tenant,Komponen Drone,Unregistered Asset,2025-06-18,114090.0,0.0,0.0,0,
AS-the tenant-0119,1,Damoda Drone Propeller,PT the tenant,Komponen Drone,Unregistered Asset,2025-06-18,114090.0,0.0,0.0,0,
AS-the tenant-0120,1,Damoda Drone Propeller,PT the tenant,Komponen Drone,Unregistered Asset,2025-06-18,114090.0,0.0,0.0,0,
AS-the tenant-0121,1,Damoda Drone Propeller,PT the tenant,Komponen Drone,Unregistered Asset,2025-06-18,114090.0,0.0,0.0,0,
AS-the tenant-0122,1,Damoda Drone Propeller,PT the tenant,Komponen Drone,Unregistered Asset,2025-06-18,114090.0,0.0,0.0,0,
AS-the tenant-0123,1,Damoda Drone Propeller,PT the tenant,Komponen Drone,Unregistered Asset,2025-06-18,114090.0,0.0,0.0,0,
AS-the tenant-0124,1,Damoda Drone Propeller,PT the tenant,Komponen Drone,Unregistered Asset,2025-06-18,114090.0,0.0,0.0,0,
AS-the tenant-0125,1,Damoda Drone Propeller,PT the tenant,Komponen Drone,Unregistered Asset,2025-06-18,114090.0,0.0,0.0,0,
AS-the tenant-0126,1,Damoda Drone Propeller,PT the tenant,Komponen Drone,Unregistered Asset,2025-06-18,114090.0,0.0,0.0,0,
AS-the tenant-0127,1,Damoda Drone Propeller,PT the tenant,Komponen Drone,Unregistered Asset,2025-06-18,114090.0,0.0,0.0,0,
AS-the tenant-0128,1,Damoda Drone Propeller,PT the tenant,Komponen Drone,Unregistered Asset,2025-06-18,114090.0,0.0,0.0,0,
AS-the tenant-0129,1,Damoda Drone Propeller,PT the tenant,Komponen Drone,Unregistered Asset,2025-06-18,114090.0,0.0,0.0,0,
AS-the tenant-0130,1,Damoda Drone Propeller,PT the tenant,Komponen Drone,Unregistered Asset,2025-06-18,114090.0,0.0,0.0,0,
AS-the tenant-0131,1,Damoda Drone Propeller,PT the tenant,Komponen Drone,Unregistered Asset,2025-06-18,114090.0,0.0,0.0,0,
AS-the tenant-0132,1,Damoda Drone Propeller,PT the tenant,Komponen Drone,Unregistered Asset,2025-06-18,114090.0,0.0,0.0,0,
AS-the tenant-0133,1,Damoda Drone Propeller,PT the tenant,Komponen Drone,Unregistered Asset,2025-06-18,114090.0,0.0,0.0,0,
AS-the tenant-0134,1,Damoda Drone Propeller,PT the tenant,Komponen Drone,Unregistered Asset,2025-06-18,114090.0,0.0,0.0,0,
AS-the tenant-0135,1,Damoda Drone Propeller,PT the tenant,Komponen Drone,Unregistered Asset,2025-06-18,114090.0,0.0,0.0,0,
AS-the tenant-0136,1,Damoda Drone Propeller,PT the tenant,Komponen Drone,Unregistered Asset,2025-06-18,114090.0,0.0,0.0,0,
AS-the tenant-0137,1,Damoda Drone Propeller,PT the tenant,Komponen Drone,Unregistered Asset,2025-06-18,114090.0,0.0,0.0,0,
AS-the tenant-0138,1,Damoda Drone Propeller,PT the tenant,Komponen Drone,Unregistered Asset,2025-06-18,114090.0,0.0,0.0,0,
AS-the tenant-0139,1,Damoda Drone Propeller,PT the tenant,Komponen Drone,Unregistered Asset,2025-06-18,114090.0,0.0,0.0,0,
AS-the tenant-0140,1,Damoda Drone Propeller,PT the tenant,Komponen Drone,Unregistered Asset,2025-06-18,114090.0,0.0,0.0,0,
AS-the tenant-0141,1,Damoda Drone Propeller,PT the tenant,Komponen Drone,Unregistered Asset,2025-06-18,114090.0,0.0,0.0,0,
AS-the tenant-0142,1,Damoda Drone Propeller,PT the tenant,Komponen Drone,Unregistered Asset,2025-06-18,114090.0,0.0,0.0,0,
AS-the tenant-0143,1,Damoda Drone Propeller,PT the tenant,Komponen Drone,Unregistered Asset,2025-06-18,114090.0,0.0,0.0,0,
AS-the tenant-0144,1,Damoda Drone Propeller,PT the tenant,Komponen Drone,Unregistered Asset,2025-06-18,114090.0,0.0,0.0,0,
AS-the tenant-0145,1,Safety Traffic Cone 70 Cm,the tenant,Alat Pendukung,Unregistered Asset,2024-09-04,70000.0,0.0,0.0,0,
AS-the tenant-0146,1,Safety Traffic Cone 70 Cm,the tenant,Alat Pendukung,Unregistered Asset,2024-09-04,70000.0,0.0,0.0,0,
AS-the tenant-0147,1,Safety Traffic Cone 70 Cm,the tenant,Alat Pendukung,Unregistered Asset,2024-09-04,70000.0,0.0,0.0,0,
AS-the tenant-0148,1,Safety Traffic Cone 70 Cm,the tenant,Alat Pendukung,Unregistered Asset,2024-09-04,70000.0,0.0,0.0,0,
AS-the tenant-0149,1,Safety Traffic Cone 70 Cm,the tenant,Alat Pendukung,Unregistered Asset,2024-09-04,70000.0,0.0,0.0,0,
AS-the tenant-0150,1,Safety Traffic Cone 70 Cm,the tenant,Alat Pendukung,Unregistered Asset,2024-09-04,70000.0,0.0,0.0,0,
AS-the tenant-0151,1,Safety Traffic Cone 70 Cm,the tenant,Alat Pendukung,Unregistered Asset,2024-09-04,70000.0,0.0,0.0,0,
AS-the tenant-0152,1,Safety Traffic Cone 70 Cm,the tenant,Alat Pendukung,Unregistered Asset,2024-09-04,70000.0,0.0,0.0,0,
AS-the tenant-0153,1,Safety Traffic Cone 70 Cm,the tenant,Alat Pendukung,Unregistered Asset,2024-09-04,70000.0,0.0,0.0,0,
AS-the tenant-0154,1,Safety Traffic Cone 70 Cm,the tenant,Alat Pendukung,Unregistered Asset,2024-09-04,70000.0,0.0,0.0,0,
AS-the tenant-0155,1,Safety Traffic Cone 70 Cm,the tenant,Alat Pendukung,Unregistered Asset,2024-09-04,70000.0,0.0,0.0,0,
AS-the tenant-0156,1,Safety Traffic Cone 70 Cm,the tenant,Alat Pendukung,Unregistered Asset,2024-09-04,70000.0,0.0,0.0,0,
AS-the tenant-0157,1,Safety Traffic Cone 70 Cm,the tenant,Alat Pendukung,Unregistered Asset,2024-09-04,70000.0,0.0,0.0,0,
AS-the tenant-0158,1,Safety Traffic Cone 70 Cm,the tenant,Alat Pendukung,Unregistered Asset,2024-09-04,70000.0,0.0,0.0,0,
AS-the tenant-0159,1,Safety Traffic Cone 70 Cm,the tenant,Alat Pendukung,Unregistered Asset,2024-09-04,70000.0,0.0,0.0,0,
AS-the tenant-0160,1,Safety Traffic Cone 70 Cm,the tenant,Alat Pendukung,Unregistered Asset,2024-09-04,70000.0,0.0,0.0,0,
AS-the tenant-0161,1,Safety Traffic Cone 70 Cm,the tenant,Alat Pendukung,Unregistered Asset,2024-09-04,70000.0,0.0,0.0,0,
AS-the tenant-0162,1,HeadLamp Light L-T21,the tenant,Alat Pendukung,Unregistered Asset,2024-09-06,36900.0,0.0,0.0,0,
AS-the tenant-0163,1,HeadLamp Light L-T21,the tenant,Alat Pendukung,Unregistered Asset,2024-09-06,36900.0,0.0,0.0,0,
AS-the tenant-0164,1,HeadLamp Light L-T21,the tenant,Alat Pendukung,Unregistered Asset,2024-09-06,36900.0,0.0,0.0,0,
AS-the tenant-0165,1,HeadLamp Light L-T21,the tenant,Alat Pendukung,Unregistered Asset,2024-09-06,36900.0,0.0,0.0,0,
AS-the tenant-0166,1,HeadLamp Light L-T21,the tenant,Alat Pendukung,Unregistered Asset,2024-09-06,36900.0,0.0,0.0,0,
AS-the tenant-0167,1,HeadLamp Light L-T21,the tenant,Alat Pendukung,Unregistered Asset,2024-09-06,36900.0,0.0,0.0,0,
AS-the tenant-0168,1,HeadLamp Light L-T21,the tenant,Alat Pendukung,Unregistered Asset,2024-09-06,36900.0,0.0,0.0,0,
AS-the tenant-0169,1,ONEMED - Kotak P3K Set Jinjing Lengkap Isi 15 19 Item,the tenant,Alat Pendukung,Unregistered Asset,2024-09-06,130000.0,0.0,0.0,0,
AS-the tenant-0170,1,Helm Proyek Safety,the tenant,Alat Pendukung,Unregistered Asset,2024-09-06,72225.0,0.0,0.0,0,
AS-the tenant-0171,1,Helm Proyek Safety,the tenant,Alat Pendukung,Unregistered Asset,2024-09-06,72225.0,0.0,0.0,0,
AS-the tenant-0172,1,Helm Proyek Safety,the tenant,Alat Pendukung,Unregistered Asset,2024-09-06,72225.0,0.0,0.0,0,
AS-the tenant-0173,1,Helm Proyek Safety,the tenant,Alat Pendukung,Unregistered Asset,2024-09-06,72225.0,0.0,0.0,0,
AS-the tenant-0174,1,Helm Proyek Safety,the tenant,Alat Pendukung,Unregistered Asset,2024-09-06,72225.0,0.0,0.0,0,
AS-the tenant-0175,1,Helm Proyek Safety,the tenant,Alat Pendukung,Unregistered Asset,2024-09-06,72225.0,0.0,0.0,0,
AS-the tenant-0176,1,Helm Proyek Safety,the tenant,Alat Pendukung,Unregistered Asset,2024-09-06,72225.0,0.0,0.0,0,
AS-the tenant-0177,1,Helm Proyek Safety,the tenant,Alat Pendukung,Unregistered Asset,2024-09-06,72225.0,0.0,0.0,0,
AS-the tenant-0178,1,Helm Proyek Safety,the tenant,Alat Pendukung,Unregistered Asset,2024-09-06,72225.0,0.0,0.0,0,
AS-the tenant-0179,1,Helm Proyek Safety,the tenant,Alat Pendukung,Unregistered Asset,2024-09-06,72225.0,0.0,0.0,0,
AS-the tenant-0180,1,Helm Proyek Safety,the tenant,Alat Pendukung,Unregistered Asset,2024-09-06,72225.0,0.0,0.0,0,
AS-the tenant-0181,1,Helm Proyek Safety,the tenant,Alat Pendukung,Unregistered Asset,2024-09-06,72225.0,0.0,0.0,0,
AS-the tenant-0182,1,Helm Proyek Safety,the tenant,Alat Pendukung,Unregistered Asset,2024-09-06,72225.0,0.0,0.0,0,
AS-the tenant-0183,1,Helm Proyek Safety,the tenant,Alat Pendukung,Unregistered Asset,2024-09-06,72225.0,0.0,0.0,0,
AS-the tenant-0184,1,Helm Proyek Safety,the tenant,Alat Pendukung,Unregistered Asset,2024-09-06,72225.0,0.0,0.0,0,
AS-the tenant-0185,1,Helm Proyek Safety,the tenant,Alat Pendukung,Unregistered Asset,2024-09-06,72225.0,0.0,0.0,0,
AS-the tenant-0186,1,Helm Proyek Safety,the tenant,Alat Pendukung,Unregistered Asset,2024-09-06,72225.0,0.0,0.0,0,
AS-the tenant-0187,1,Rompi Safety 6 Kantong - Hijau Stablo,the tenant,Alat Pendukung,Unregistered Asset,2024-09-06,50000.0,0.0,0.0,0,
AS-the tenant-0188,1,Rompi Safety 6 Kantong - Hijau Stablo,the tenant,Alat Pendukung,Unregistered Asset,2024-09-06,50000.0,0.0,0.0,0,
AS-the tenant-0189,1,Rompi Safety 6 Kantong - Hijau Stablo,the tenant,Alat Pendukung,Unregistered Asset,2024-09-06,50000.0,0.0,0.0,0,
AS-the tenant-0190,1,Rompi Safety 6 Kantong - Hijau Stablo,the tenant,Alat Pendukung,Unregistered Asset,2024-09-06,50000.0,0.0,0.0,0,
AS-the tenant-0191,1,Rompi Safety 6 Kantong - Hijau Stablo,the tenant,Alat Pendukung,Unregistered Asset,2024-09-06,50000.0,0.0,0.0,0,
AS-the tenant-0192,1,Rantai Plastik 6mm x 50 Meter - Kuning,the tenant,Alat Pendukung,Unregistered Asset,2024-09-10,245000.0,0.0,0.0,0,
AS-the tenant-0193,1,Rompi Safety Vest Karet,the tenant,Alat Pendukung,Unregistered Asset,2024-09-06,13900.0,0.0,0.0,0,
AS-the tenant-0194,1,Rompi Safety Vest Karet,the tenant,Alat Pendukung,Unregistered Asset,2024-09-06,13900.0,0.0,0.0,0,
AS-the tenant-0195,1,Rompi Safety Vest Karet,the tenant,Alat Pendukung,Unregistered Asset,2024-09-06,13900.0,0.0,0.0,0,
AS-the tenant-0196,1,Rompi Safety Vest Karet,the tenant,Alat Pendukung,Unregistered Asset,2024-09-06,13900.0,0.0,0.0,0,
AS-the tenant-0197,1,Rompi Safety Vest Karet,the tenant,Alat Pendukung,Unregistered Asset,2024-09-06,13900.0,0.0,0.0,0,
AS-the tenant-0198,1,Rompi Safety Vest Karet,the tenant,Alat Pendukung,Unregistered Asset,2024-09-06,13900.0,0.0,0.0,0,
AS-the tenant-0199,1,Rompi Safety Vest Karet,the tenant,Alat Pendukung,Unregistered Asset,2024-09-06,13900.0,0.0,0.0,0,
AS-the tenant-0200,1,Rompi Safety Vest Karet,the tenant,Alat Pendukung,Unregistered Asset,2024-09-06,13900.0,0.0,0.0,0,
AS-the tenant-0201,1,Rompi Safety Vest Karet,the tenant,Alat Pendukung,Unregistered Asset,2024-09-06,13900.0,0.0,0.0,0,
AS-the tenant-0202,1,Rompi Safety Vest Karet,the tenant,Alat Pendukung,Unregistered Asset,2024-09-06,13900.0,0.0,0.0,0,
AS-the tenant-0203,1,Rompi Safety Vest Karet,the tenant,Alat Pendukung,Unregistered Asset,2024-09-06,13900.0,0.0,0.0,0,
AS-the tenant-0204,1,Rompi Safety Vest Karet,the tenant,Alat Pendukung,Unregistered Asset,2024-09-06,13900.0,0.0,0.0,0,
AS-the tenant-0205,1,Rompi Safety Vest Karet,the tenant,Alat Pendukung,Unregistered Asset,2024-09-06,13900.0,0.0,0.0,0,
AS-the tenant-0206,1,Rompi Safety Vest Karet,the tenant,Alat Pendukung,Unregistered Asset,2024-09-06,13900.0,0.0,0.0,0,
AS-the tenant-0207,1,Rompi Safety Vest Karet,the tenant,Alat Pendukung,Unregistered Asset,2024-09-06,13900.0,0.0,0.0,0,
AS-the tenant-0208,1,UPS/Power station BLUETTI EB 70 Portable,the tenant,Alat Pendukung,Unregistered Asset,2024-09-10,11899200.0,0.0,0.0,0,
AS-the tenant-0209,1,DJI Power Station 1000V v2,the tenant,Alat Pendukung,Unregistered Asset,2025-08-28,10300000.0,0.0,0.0,0,
AS-the tenant-0210,1,Valescom Lampu Sorot Led,the tenant,Alat Pendukung,Unregistered Asset,2024-09-10,108000.0,0.0,0.0,0,
AS-the tenant-0211,1,Valescom Lampu Sorot Led,the tenant,Alat Pendukung,Unregistered Asset,2024-09-10,108000.0,0.0,0.0,0,
AS-the tenant-0212,1,Valescom Lampu Sorot Led,the tenant,Alat Pendukung,Unregistered Asset,2024-09-10,108000.0,0.0,0.0,0,
AS-the tenant-0213,1,Valescom Lampu Sorot Led,the tenant,Alat Pendukung,Unregistered Asset,2024-09-10,108000.0,0.0,0.0,0,
AS-the tenant-0214,1,Baofeng UV-82 (8W) Walkie Talkie,the tenant,Alat Pendukung,Unregistered Asset,2024-09-10,450000.0,0.0,0.0,0,
AS-the tenant-0215,1,Baofeng UV-82 (8W) Walkie Talkie,the tenant,Alat Pendukung,Unregistered Asset,2024-09-10,450000.0,0.0,0.0,0,
AS-the tenant-0216,1,Baofeng UV-82 (8W) Walkie Talkie,the tenant,Alat Pendukung,Unregistered Asset,2024-09-10,450000.0,0.0,0.0,0,
AS-the tenant-0217,1,Baofeng UV-82 (8W) Walkie Talkie,the tenant,Alat Pendukung,Unregistered Asset,2024-09-10,450000.0,0.0,0.0,0,
AS-the tenant-0218,1,Baofeng UV-82 (8W) Walkie Talkie,the tenant,Alat Pendukung,Unregistered Asset,2024-09-10,450000.0,0.0,0.0,0,
AS-the tenant-0219,1,Baofeng UV-82 (8W) Walkie Talkie,the tenant,Alat Pendukung,Unregistered Asset,2024-09-10,450000.0,0.0,0.0,0,
AS-the tenant-0220,1,Baofeng UV-82 (8W) Walkie Talkie,the tenant,Alat Pendukung,Unregistered Asset,2024-09-10,450000.0,0.0,0.0,0,
AS-the tenant-0221,1,Baofeng UV-82 (8W) Walkie Talkie,the tenant,Alat Pendukung,Unregistered Asset,2024-09-10,450000.0,0.0,0.0,0,
AS-the tenant-0222,1,Baofeng UV-82 (8W) Walkie Talkie,the tenant,Alat Pendukung,Unregistered Asset,2024-09-10,450000.0,0.0,0.0,0,
AS-the tenant-0223,1,Baofeng UV-82 (8W) Walkie Talkie,the tenant,Alat Pendukung,Unregistered Asset,2024-09-10,450000.0,0.0,0.0,0,
AS-the tenant-0224,1,Baofeng UV-82 (8W) Walkie Talkie,the tenant,Alat Pendukung,Unregistered Asset,2024-09-10,450000.0,0.0,0.0,0,
AS-the tenant-0225,1,Baofeng UV-82 (8W) Walkie Talkie,the tenant,Alat Pendukung,Unregistered Asset,2024-09-10,450000.0,0.0,0.0,0,
AS-the tenant-0226,1,Baofeng UV-82 (8W) Walkie Talkie,the tenant,Alat Pendukung,Unregistered Asset,2024-09-10,450000.0,0.0,0.0,0,
AS-the tenant-0227,1,Baofeng UV-82 (8W) Walkie Talkie,the tenant,Alat Pendukung,Unregistered Asset,2024-09-10,450000.0,0.0,0.0,0,
AS-the tenant-0228,1,"Walkie Talky, Weircom Waterproof IP68 (10 W)",the tenant,Alat Pendukung,Unregistered Asset,2025-07-21,1100000.0,0.0,0.0,0,
AS-the tenant-0229,1,"Walkie Talky, Weircom Waterproof IP68 (10 W)",the tenant,Alat Pendukung,Unregistered Asset,2025-07-21,1100000.0,0.0,0.0,0,
AS-the tenant-0230,1,Meja Lipat 122 CM,the tenant,Alat Pendukung,Unregistered Asset,2024-09-24,443000.0,0.0,0.0,0,
AS-the tenant-0231,1,Meja Lipat 122 CM,the tenant,Alat Pendukung,Unregistered Asset,2024-09-24,443000.0,0.0,0.0,0,
AS-the tenant-0232,1,Meja Lipat 122 CM,the tenant,Alat Pendukung,Unregistered Asset,2024-09-24,443000.0,0.0,0.0,0,
AS-the tenant-0233,1,Tenda Lipat uk.3x3 + Dinding 4 sisi,the tenant,Alat Pendukung,Unregistered Asset,2024-09-13,1550000.0,0.0,0.0,0,
AS-the tenant-0234,1,Tenda Lipat uk.3x3 + Dinding 4 sisi,the tenant,Alat Pendukung,Unregistered Asset,2024-09-13,1550000.0,0.0,0.0,0,
AS-the tenant-0235,1,Terpal Costum - Sarung Box,the tenant,Alat Pendukung,Unregistered Asset,2024-09-13,260000.0,0.0,0.0,0,
AS-the tenant-0236,1,Terpal Costum - Sarung Box,the tenant,Alat Pendukung,Unregistered Asset,2024-09-13,260000.0,0.0,0.0,0,
AS-the tenant-0237,1,Terpal Costum - Sarung Box,the tenant,Alat Pendukung,Unregistered Asset,2024-09-13,260000.0,0.0,0.0,0,
AS-the tenant-0238,1,Terpal Costum - Sarung Box,the tenant,Alat Pendukung,Unregistered Asset,2024-09-13,260000.0,0.0,0.0,0,
AS-the tenant-0239,1,Terpal Costum - Sarung Box,the tenant,Alat Pendukung,Unregistered Asset,2024-09-13,260000.0,0.0,0.0,0,
AS-the tenant-0240,1,Terpal Costum - Sarung Box,the tenant,Alat Pendukung,Unregistered Asset,2024-09-13,260000.0,0.0,0.0,0,
AS-the tenant-0241,1,Terpal Costum - Sarung Box,the tenant,Alat Pendukung,Unregistered Asset,2024-09-13,260000.0,0.0,0.0,0,
AS-the tenant-0242,1,Terpal Costum - Sarung Box,the tenant,Alat Pendukung,Unregistered Asset,2024-09-13,260000.0,0.0,0.0,0,
AS-the tenant-0243,1,Terpal Costum - Sarung Box,the tenant,Alat Pendukung,Unregistered Asset,2024-09-13,260000.0,0.0,0.0,0,
AS-the tenant-0244,1,Terpal Costum - Sarung Box,the tenant,Alat Pendukung,Unregistered Asset,2024-09-13,260000.0,0.0,0.0,0,
AS-the tenant-0245,1,"Kabel Roll Makita 100 Meter, 4x Port Saklar",the tenant,Alat Pendukung,Unregistered Asset,2024-09-13,1420000.0,0.0,0.0,0,
AS-the tenant-0246,1,"Kabel Roll Makita 100 Meter, 4x Port Saklar",the tenant,Alat Pendukung,Unregistered Asset,2024-09-13,1420000.0,0.0,0.0,0,
AS-the tenant-0247,1,Folding Chair Black,the tenant,Alat Pendukung,Unregistered Asset,2024-09-17,219900.0,0.0,0.0,0,
AS-the tenant-0248,1,Folding Chair Black,the tenant,Alat Pendukung,Unregistered Asset,2024-09-17,219900.0,0.0,0.0,0,
AS-the tenant-0249,1,Folding Chair Black,the tenant,Alat Pendukung,Unregistered Asset,2024-09-17,219900.0,0.0,0.0,0,
AS-the tenant-0250,1,Mini Fan Desk HFN650,the tenant,Alat Pendukung,Unregistered Asset,2024-09-23,135000.0,0.0,0.0,0,
AS-the tenant-0251,1,Mini Fan Desk HFN650,the tenant,Alat Pendukung,Unregistered Asset,2024-09-23,135000.0,0.0,0.0,0,
AS-the tenant-0252,1,SNDWAY Meteran Laser Digital,the tenant,Alat Pendukung,Unregistered Asset,2024-09-23,530000.0,0.0,0.0,0,
AS-the tenant-0253,1,Prolink PRT7011L Portable 4G LTE Modem,the tenant,Alat Pendukung,Unregistered Asset,2024-09-23,679000.0,0.0,0.0,0,
AS-the tenant-0254,1,Troly Lipat Bordes 70x110,the tenant,Alat Pendukung,Unregistered Asset,2024-09-23,1150000.0,0.0,0.0,0,
AS-the tenant-0255,1,Troly Lipat Bordes 70x110,the tenant,Alat Pendukung,Unregistered Asset,2024-09-23,1150000.0,0.0,0.0,0,
AS-the tenant-0256,1,Troly Lipat Bordes 70x110,the tenant,Alat Pendukung,Unregistered Asset,2024-09-23,1150000.0,0.0,0.0,0,
AS-the tenant-0257,1,Troly Lipat Bordes 70x110,the tenant,Alat Pendukung,Unregistered Asset,2024-09-23,1150000.0,0.0,0.0,0,
AS-the tenant-0258,1,Troly Lipat Bordes 70x110,the tenant,Alat Pendukung,Unregistered Asset,2024-09-23,1150000.0,0.0,0.0,0,
AS-the tenant-0259,1,Meteran Tancap 100 M,the tenant,Alat Pendukung,Unregistered Asset,2024-09-23,48500.0,0.0,0.0,0,
AS-the tenant-0260,1,Genset Silent Inverter 5 KVA 4000 WATT Tsuzumi,the tenant,Alat Pendukung,Unregistered Asset,2024-09-24,10500000.0,0.0,0.0,0,
AS-the tenant-0261,1,Shading Net / Jaring Pengaman,the tenant,Alat Pendukung,Unregistered Asset,2024-09-24,431200.0,0.0,0.0,0,
AS-the tenant-0262,1,Shading Net / Jaring Pengaman,the tenant,Alat Pendukung,Unregistered Asset,2024-09-24,431200.0,0.0,0.0,0,
AS-the tenant-0263,1,Shading Net / Jaring Pengaman,the tenant,Alat Pendukung,Unregistered Asset,2024-09-24,431200.0,0.0,0.0,0,
AS-the tenant-0264,1,Velbed + Sleeping Bag,the tenant,Alat Pendukung,Unregistered Asset,2026-04-17,100000.0,0.0,0.0,0,
AS-the tenant-0265,1,Velbed + Sleeping Bag,the tenant,Alat Pendukung,Unregistered Asset,2026-04-17,100000.0,0.0,0.0,0,
AS-the tenant-0266,1,Velbed + Sleeping Bag,the tenant,Alat Pendukung,Unregistered Asset,2026-04-17,100000.0,0.0,0.0,0,
AS-the tenant-0267,1,Velbed + Sleeping Bag,the tenant,Alat Pendukung,Unregistered Asset,2026-04-17,100000.0,0.0,0.0,0,
AS-the tenant-0268,1,Velbed + Sleeping Bag,the tenant,Alat Pendukung,Unregistered Asset,2026-04-17,100000.0,0.0,0.0,0,
AS-the tenant-0269,1,Velbed + Sleeping Bag,the tenant,Alat Pendukung,Unregistered Asset,2026-04-17,100000.0,0.0,0.0,0,
AS-the tenant-0270,1,Cooling Pad Laptop LED,the tenant,Alat Pendukung,Unregistered Asset,2024-09-23,98000.0,0.0,0.0,0,
AS-the tenant-0271,1,"Cable Roll Rollan 50 M, Tutupan Safety",the tenant,Alat Pendukung,Unregistered Asset,2024-09-25,625000.0,0.0,0.0,0,
AS-the tenant-0272,1,Terpal A12 Korea 12x12 M,the tenant,Alat Pendukung,Unregistered Asset,2024-09-24,1584000.0,0.0,0.0,0,
AS-the tenant-0273,1,Terpal A12 Korea 12x12 M,the tenant,Alat Pendukung,Unregistered Asset,2024-09-24,1584000.0,0.0,0.0,0,
AS-the tenant-0274,1,Terpal A12 Korea 12x12 M,the tenant,Alat Pendukung,Unregistered Asset,2024-09-24,1584000.0,0.0,0.0,0,
AS-the tenant-0275,1,Terpal A12 Korea 12x12 M,the tenant,Alat Pendukung,Unregistered Asset,2024-09-24,1584000.0,0.0,0.0,0,
AS-the tenant-0276,1,Terpal A12 Korea 12x12 M,the tenant,Alat Pendukung,Unregistered Asset,2024-09-24,1584000.0,0.0,0.0,0,
AS-the tenant-0277,1,Terpal A12 Korea 12x12 M,the tenant,Alat Pendukung,Unregistered Asset,2024-09-24,1584000.0,0.0,0.0,0,
AS-the tenant-0278,1,Terpal A12 Korea 12x12 M,the tenant,Alat Pendukung,Unregistered Asset,2024-09-24,1584000.0,0.0,0.0,0,
AS-the tenant-0279,1,Terpal A12 Korea 12x12 M,the tenant,Alat Pendukung,Unregistered Asset,2024-09-24,1584000.0,0.0,0.0,0,
AS-the tenant-0280,1,Terpal A12 Korea 12x12 M,the tenant,Alat Pendukung,Unregistered Asset,2024-09-24,1584000.0,0.0,0.0,0,
AS-the tenant-0281,1,Terpal A12 Korea 12x12 M,the tenant,Alat Pendukung,Unregistered Asset,2024-09-24,1584000.0,0.0,0.0,0,
AS-the tenant-0282,1,Box Container 95 L,the tenant,Alat Pendukung,Unregistered Asset,2024-10-01,140259.0,0.0,0.0,0,
AS-the tenant-0283,1,Box Container 280 L,the tenant,Alat Pendukung,Unregistered Asset,2024-10-01,475000.0,0.0,0.0,0,
AS-the tenant-0284,1,Box Container 280 L,the tenant,Alat Pendukung,Unregistered Asset,2024-10-01,475000.0,0.0,0.0,0,
AS-the tenant-0285,1,Palet Plastik 100x120x14,the tenant,Alat Pendukung,Unregistered Asset,2024-10-15,125000.0,0.0,0.0,0,
AS-the tenant-0286,1,Palet Plastik 100x120x14,the tenant,Alat Pendukung,Unregistered Asset,2024-10-15,125000.0,0.0,0.0,0,
AS-the tenant-0287,1,Palet Plastik 100x120x14,the tenant,Alat Pendukung,Unregistered Asset,2024-10-15,125000.0,0.0,0.0,0,
AS-the tenant-0288,1,Palet Plastik 100x120x14,the tenant,Alat Pendukung,Unregistered Asset,2024-10-15,125000.0,0.0,0.0,0,
AS-the tenant-0289,1,Palet Plastik 100x120x14,the tenant,Alat Pendukung,Unregistered Asset,2024-10-15,125000.0,0.0,0.0,0,
AS-the tenant-0290,1,Palet Plastik 100x120x14,the tenant,Alat Pendukung,Unregistered Asset,2024-10-15,125000.0,0.0,0.0,0,
AS-the tenant-0291,1,Palet Plastik 100x120x14,the tenant,Alat Pendukung,Unregistered Asset,2024-10-15,125000.0,0.0,0.0,0,
AS-the tenant-0292,1,Palet Plastik 100x120x14,the tenant,Alat Pendukung,Unregistered Asset,2024-10-15,125000.0,0.0,0.0,0,
AS-the tenant-0293,1,Palet Plastik 100x120x14,the tenant,Alat Pendukung,Unregistered Asset,2024-10-15,125000.0,0.0,0.0,0,
AS-the tenant-0294,1,Palet Plastik 100x120x14,the tenant,Alat Pendukung,Unregistered Asset,2024-10-15,125000.0,0.0,0.0,0,
AS-the tenant-0295,1,Palet Plastik 100x120x14,the tenant,Alat Pendukung,Unregistered Asset,2024-10-15,125000.0,0.0,0.0,0,
AS-the tenant-0296,1,Palet Plastik 100x120x14,the tenant,Alat Pendukung,Unregistered Asset,2024-10-15,125000.0,0.0,0.0,0,
AS-the tenant-0297,1,Palet Plastik 100x120x14,the tenant,Alat Pendukung,Unregistered Asset,2024-10-15,125000.0,0.0,0.0,0,
AS-the tenant-0298,1,Palet Plastik 100x120x14,the tenant,Alat Pendukung,Unregistered Asset,2024-10-15,125000.0,0.0,0.0,0,
AS-the tenant-0299,1,Palet Plastik 100x120x14,the tenant,Alat Pendukung,Unregistered Asset,2024-10-15,125000.0,0.0,0.0,0,
AS-the tenant-0300,1,Palet Plastik 100x120x14,the tenant,Alat Pendukung,Unregistered Asset,2024-10-15,125000.0,0.0,0.0,0,
AS-the tenant-0301,1,Palet Plastik 100x120x14,the tenant,Alat Pendukung,Unregistered Asset,2024-10-15,125000.0,0.0,0.0,0,
AS-the tenant-0302,1,Palet Plastik 100x120x14,the tenant,Alat Pendukung,Unregistered Asset,2024-10-15,125000.0,0.0,0.0,0,
AS-the tenant-0303,1,Palet Plastik 100x120x14,the tenant,Alat Pendukung,Unregistered Asset,2024-10-15,125000.0,0.0,0.0,0,
AS-the tenant-0304,1,Palet Plastik 100x120x14,the tenant,Alat Pendukung,Unregistered Asset,2024-10-15,125000.0,0.0,0.0,0,
AS-the tenant-0305,1,Palet Plastik 100x120x14,the tenant,Alat Pendukung,Unregistered Asset,2024-10-15,125000.0,0.0,0.0,0,
AS-the tenant-0306,1,Palet Plastik 100x120x14,the tenant,Alat Pendukung,Unregistered Asset,2024-10-15,125000.0,0.0,0.0,0,
AS-the tenant-0307,1,Palet Plastik 100x120x14,the tenant,Alat Pendukung,Unregistered Asset,2024-10-15,125000.0,0.0,0.0,0,
AS-the tenant-0308,1,Palet Plastik 100x120x14,the tenant,Alat Pendukung,Unregistered Asset,2024-10-15,125000.0,0.0,0.0,0,
AS-the tenant-0309,1,Palet Plastik 100x120x14,the tenant,Alat Pendukung,Unregistered Asset,2024-10-15,125000.0,0.0,0.0,0,
AS-the tenant-0310,1,Palet Plastik 100x120x14,the tenant,Alat Pendukung,Unregistered Asset,2024-10-15,125000.0,0.0,0.0,0,
AS-the tenant-0311,1,Palet Plastik 100x120x14,the tenant,Alat Pendukung,Unregistered Asset,2024-10-15,125000.0,0.0,0.0,0,
AS-the tenant-0312,1,Palet Plastik 100x120x14,the tenant,Alat Pendukung,Unregistered Asset,2024-10-15,125000.0,0.0,0.0,0,
AS-the tenant-0313,1,Palet Plastik 100x120x14,the tenant,Alat Pendukung,Unregistered Asset,2024-10-15,125000.0,0.0,0.0,0,
AS-the tenant-0314,1,Palet Plastik 100x120x14,the tenant,Alat Pendukung,Unregistered Asset,2024-10-15,125000.0,0.0,0.0,0,
AS-the tenant-0315,1,Palet Plastik 100x120x14,the tenant,Alat Pendukung,Unregistered Asset,2024-10-15,125000.0,0.0,0.0,0,
AS-the tenant-0316,1,Palet Plastik 100x120x14,the tenant,Alat Pendukung,Unregistered Asset,2024-10-15,125000.0,0.0,0.0,0,
AS-the tenant-0317,1,Palet Plastik 100x120x14,the tenant,Alat Pendukung,Unregistered Asset,2024-10-15,125000.0,0.0,0.0,0,
AS-the tenant-0318,1,Palet Plastik 100x120x14,the tenant,Alat Pendukung,Unregistered Asset,2024-10-15,125000.0,0.0,0.0,0,
AS-the tenant-0319,1,Palet Plastik 100x120x14,the tenant,Alat Pendukung,Unregistered Asset,2024-10-15,125000.0,0.0,0.0,0,
AS-the tenant-0320,1,Palet Plastik 100x120x14,the tenant,Alat Pendukung,Unregistered Asset,2024-10-15,125000.0,0.0,0.0,0,
AS-the tenant-0321,1,Palet Plastik 100x120x14,the tenant,Alat Pendukung,Unregistered Asset,2024-10-15,125000.0,0.0,0.0,0,
AS-the tenant-0322,1,Palet Plastik 100x120x14,the tenant,Alat Pendukung,Unregistered Asset,2024-10-15,125000.0,0.0,0.0,0,
AS-the tenant-0323,1,Palet Plastik 100x120x14,the tenant,Alat Pendukung,Unregistered Asset,2024-10-15,125000.0,0.0,0.0,0,
AS-the tenant-0324,1,Palet Plastik 100x120x14,the tenant,Alat Pendukung,Unregistered Asset,2024-10-15,125000.0,0.0,0.0,0,
AS-the tenant-0325,1,Palet Plastik 100x120x14,the tenant,Alat Pendukung,Unregistered Asset,2024-10-15,125000.0,0.0,0.0,0,
AS-the tenant-0326,1,Palet Plastik 100x120x14,the tenant,Alat Pendukung,Unregistered Asset,2024-10-15,125000.0,0.0,0.0,0,
AS-the tenant-0327,1,Palet Plastik 100x120x14,the tenant,Alat Pendukung,Unregistered Asset,2024-10-15,125000.0,0.0,0.0,0,
AS-the tenant-0328,1,Palet Plastik 100x120x14,the tenant,Alat Pendukung,Unregistered Asset,2024-10-15,125000.0,0.0,0.0,0,
AS-the tenant-0329,1,Palet Plastik 100x120x14,the tenant,Alat Pendukung,Unregistered Asset,2024-10-15,125000.0,0.0,0.0,0,
AS-the tenant-0330,1,Palet Plastik 100x120x14,the tenant,Alat Pendukung,Unregistered Asset,2024-10-15,125000.0,0.0,0.0,0,
AS-the tenant-0331,1,Palet Plastik 100x120x14,the tenant,Alat Pendukung,Unregistered Asset,2024-10-15,125000.0,0.0,0.0,0,
AS-the tenant-0332,1,Palet Plastik 100x120x14,the tenant,Alat Pendukung,Unregistered Asset,2024-10-15,125000.0,0.0,0.0,0,
AS-the tenant-0333,1,Palet Plastik 100x120x14,the tenant,Alat Pendukung,Unregistered Asset,2024-10-15,125000.0,0.0,0.0,0,
AS-the tenant-0334,1,Palet Plastik 100x120x14,the tenant,Alat Pendukung,Unregistered Asset,2024-10-15,125000.0,0.0,0.0,0,
AS-the tenant-0335,1,Palet Plastik 100x120x14,the tenant,Alat Pendukung,Unregistered Asset,2024-10-15,125000.0,0.0,0.0,0,
AS-the tenant-0336,1,Palet Plastik 100x120x14,the tenant,Alat Pendukung,Unregistered Asset,2024-10-15,125000.0,0.0,0.0,0,
AS-the tenant-0337,1,Palet Plastik 100x120x14,the tenant,Alat Pendukung,Unregistered Asset,2024-10-15,125000.0,0.0,0.0,0,
AS-the tenant-0338,1,Palet Plastik 100x120x14,the tenant,Alat Pendukung,Unregistered Asset,2024-10-15,125000.0,0.0,0.0,0,
AS-the tenant-0339,1,Palet Plastik 100x120x14,the tenant,Alat Pendukung,Unregistered Asset,2024-10-15,125000.0,0.0,0.0,0,
AS-the tenant-0340,1,Palet Plastik 100x120x14,the tenant,Alat Pendukung,Unregistered Asset,2024-10-15,125000.0,0.0,0.0,0,
AS-the tenant-0341,1,Palet Plastik 100x120x14,the tenant,Alat Pendukung,Unregistered Asset,2024-10-15,125000.0,0.0,0.0,0,
AS-the tenant-0342,1,Palet Plastik 100x120x14,the tenant,Alat Pendukung,Unregistered Asset,2024-10-15,125000.0,0.0,0.0,0,
AS-the tenant-0343,1,Palet Plastik 100x120x14,the tenant,Alat Pendukung,Unregistered Asset,2024-10-15,125000.0,0.0,0.0,0,
AS-the tenant-0344,1,Palet Plastik 100x120x14,the tenant,Alat Pendukung,Unregistered Asset,2024-10-15,125000.0,0.0,0.0,0,
AS-the tenant-0345,1,Palet Plastik 100x120x14,the tenant,Alat Pendukung,Unregistered Asset,2024-10-15,125000.0,0.0,0.0,0,
AS-the tenant-0346,1,Palet Plastik 100x120x14,the tenant,Alat Pendukung,Unregistered Asset,2024-10-15,125000.0,0.0,0.0,0,
AS-the tenant-0347,1,Palet Plastik 100x120x14,the tenant,Alat Pendukung,Unregistered Asset,2024-10-15,125000.0,0.0,0.0,0,
AS-the tenant-0348,1,Palet Plastik 100x120x14,the tenant,Alat Pendukung,Unregistered Asset,2024-10-15,125000.0,0.0,0.0,0,
AS-the tenant-0349,1,Palet Plastik 100x120x14,the tenant,Alat Pendukung,Unregistered Asset,2024-10-15,125000.0,0.0,0.0,0,
AS-the tenant-0350,1,Palet Plastik 100x120x14,the tenant,Alat Pendukung,Unregistered Asset,2024-10-15,125000.0,0.0,0.0,0,
AS-the tenant-0351,1,Palet Plastik 100x120x14,the tenant,Alat Pendukung,Unregistered Asset,2024-10-15,125000.0,0.0,0.0,0,
AS-the tenant-0352,1,Palet Plastik 100x120x14,the tenant,Alat Pendukung,Unregistered Asset,2024-10-15,125000.0,0.0,0.0,0,
AS-the tenant-0353,1,Palet Plastik 100x120x14,the tenant,Alat Pendukung,Unregistered Asset,2024-10-15,125000.0,0.0,0.0,0,
AS-the tenant-0354,1,Palet Plastik 100x120x14,the tenant,Alat Pendukung,Unregistered Asset,2024-10-15,125000.0,0.0,0.0,0,
AS-the tenant-0355,1,Palet Plastik 100x120x14,the tenant,Alat Pendukung,Unregistered Asset,2024-10-15,125000.0,0.0,0.0,0,
AS-the tenant-0356,1,Palet Plastik 100x120x14,the tenant,Alat Pendukung,Unregistered Asset,2024-10-15,125000.0,0.0,0.0,0,
AS-the tenant-0357,1,Palet Plastik 100x120x14,the tenant,Alat Pendukung,Unregistered Asset,2024-10-15,125000.0,0.0,0.0,0,
AS-the tenant-0358,1,Palet Plastik 100x120x14,the tenant,Alat Pendukung,Unregistered Asset,2024-10-15,125000.0,0.0,0.0,0,
AS-the tenant-0359,1,Palet Plastik 100x120x14,the tenant,Alat Pendukung,Unregistered Asset,2024-10-15,125000.0,0.0,0.0,0,
AS-the tenant-0360,1,Palet Plastik 100x120x14,the tenant,Alat Pendukung,Unregistered Asset,2024-10-15,125000.0,0.0,0.0,0,
AS-the tenant-0361,1,Palet Plastik 100x120x14,the tenant,Alat Pendukung,Unregistered Asset,2024-10-15,125000.0,0.0,0.0,0,
AS-the tenant-0362,1,Palet Plastik 100x120x14,the tenant,Alat Pendukung,Unregistered Asset,2024-10-15,125000.0,0.0,0.0,0,
AS-the tenant-0363,1,Palet Plastik 100x120x14,the tenant,Alat Pendukung,Unregistered Asset,2024-10-15,125000.0,0.0,0.0,0,
AS-the tenant-0364,1,Palet Plastik 100x120x14,the tenant,Alat Pendukung,Unregistered Asset,2024-10-15,125000.0,0.0,0.0,0,
AS-the tenant-0365,1,Palet Plastik 100x120x14,the tenant,Alat Pendukung,Unregistered Asset,2024-10-15,125000.0,0.0,0.0,0,
AS-the tenant-0366,1,Palet Plastik 100x120x14,the tenant,Alat Pendukung,Unregistered Asset,2024-10-15,125000.0,0.0,0.0,0,
AS-the tenant-0367,1,Palet Plastik 100x120x14,the tenant,Alat Pendukung,Unregistered Asset,2024-10-15,125000.0,0.0,0.0,0,
AS-the tenant-0368,1,Palet Plastik 100x120x14,the tenant,Alat Pendukung,Unregistered Asset,2024-10-15,125000.0,0.0,0.0,0,
AS-the tenant-0369,1,Palet Plastik 100x120x14,the tenant,Alat Pendukung,Unregistered Asset,2024-10-15,125000.0,0.0,0.0,0,
AS-the tenant-0370,1,Palet Plastik 100x120x14,the tenant,Alat Pendukung,Unregistered Asset,2024-10-15,125000.0,0.0,0.0,0,
AS-the tenant-0371,1,Palet Plastik 100x120x14,the tenant,Alat Pendukung,Unregistered Asset,2024-10-15,125000.0,0.0,0.0,0,
AS-the tenant-0372,1,Palet Plastik 100x120x14,the tenant,Alat Pendukung,Unregistered Asset,2024-10-15,125000.0,0.0,0.0,0,
AS-the tenant-0373,1,Palet Plastik 100x120x14,the tenant,Alat Pendukung,Unregistered Asset,2024-10-15,125000.0,0.0,0.0,0,
AS-the tenant-0374,1,Palet Plastik 100x120x14,the tenant,Alat Pendukung,Unregistered Asset,2024-10-15,125000.0,0.0,0.0,0,
AS-the tenant-0375,1,Palet Plastik 100x120x14,the tenant,Alat Pendukung,Unregistered Asset,2024-10-15,125000.0,0.0,0.0,0,
AS-the tenant-0376,1,Palet Plastik 100x120x14,the tenant,Alat Pendukung,Unregistered Asset,2024-10-15,125000.0,0.0,0.0,0,
AS-the tenant-0377,1,Palet Plastik 100x120x14,the tenant,Alat Pendukung,Unregistered Asset,2024-10-15,125000.0,0.0,0.0,0,
AS-the tenant-0378,1,Palet Plastik 100x120x14,the tenant,Alat Pendukung,Unregistered Asset,2024-10-15,125000.0,0.0,0.0,0,
AS-the tenant-0379,1,Palet Plastik 100x120x14,the tenant,Alat Pendukung,Unregistered Asset,2024-10-15,125000.0,0.0,0.0,0,
AS-the tenant-0380,1,Palet Plastik 100x120x14,the tenant,Alat Pendukung,Unregistered Asset,2024-10-15,125000.0,0.0,0.0,0,
AS-the tenant-0381,1,Palet Plastik 100x120x14,the tenant,Alat Pendukung,Unregistered Asset,2024-10-15,125000.0,0.0,0.0,0,
AS-the tenant-0382,1,Palet Plastik 100x120x14,the tenant,Alat Pendukung,Unregistered Asset,2024-10-15,125000.0,0.0,0.0,0,
AS-the tenant-0383,1,Palet Plastik 100x120x14,the tenant,Alat Pendukung,Unregistered Asset,2024-10-15,125000.0,0.0,0.0,0,
AS-the tenant-0384,1,Palet Plastik 100x120x14,the tenant,Alat Pendukung,Unregistered Asset,2024-10-15,125000.0,0.0,0.0,0,
AS-the tenant-0385,1,Laser Hijau Pointer Jarak Jauh 303,the tenant,Alat Pendukung,Unregistered Asset,2024-12-28,63303.0,0.0,0.0,0,
AS-the tenant-0386,1,Laser Hijau Pointer Jarak Jauh 303,the tenant,Alat Pendukung,Unregistered Asset,2024-12-28,63303.0,0.0,0.0,0,
AS-the tenant-0387,1,Laser Hijau Pointer Jarak Jauh 303,the tenant,Alat Pendukung,Unregistered Asset,2024-12-28,63303.0,0.0,0.0,0,
AS-the tenant-0388,1,Green Laser Pointer Deli 800 Mah,the tenant,Alat Pendukung,Unregistered Asset,2025-12-19,144000.0,0.0,0.0,0,
AS-the tenant-0389,1,Jas Hujan NAVY XXL,the tenant,Alat Pendukung,Unregistered Asset,2025-10-08,91200.0,0.0,0.0,0,
AS-the tenant-0390,1,Jas Hujan NAVY XXL,the tenant,Alat Pendukung,Unregistered Asset,2025-10-08,91200.0,0.0,0.0,0,
AS-the tenant-0391,1,Jas Hujan NAVY XXL,the tenant,Alat Pendukung,Unregistered Asset,2025-10-08,91200.0,0.0,0.0,0,
AS-the tenant-0392,1,Jas Hujan NAVY XXL,the tenant,Alat Pendukung,Unregistered Asset,2025-10-08,91200.0,0.0,0.0,0,
AS-the tenant-0393,1,Jas Hujan NAVY XXL,the tenant,Alat Pendukung,Unregistered Asset,2025-10-08,91200.0,0.0,0.0,0,
AS-the tenant-0394,1,Jas Hujan NAVY XXL,the tenant,Alat Pendukung,Unregistered Asset,2025-10-08,91200.0,0.0,0.0,0,
AS-the tenant-0395,1,Jas Hujan NAVY XXL,the tenant,Alat Pendukung,Unregistered Asset,2025-10-08,91200.0,0.0,0.0,0,
AS-the tenant-0396,1,Jas Hujan NAVY XXL,the tenant,Alat Pendukung,Unregistered Asset,2025-10-08,91200.0,0.0,0.0,0,
AS-the tenant-0397,1,Jas Hujan NAVY XXL,the tenant,Alat Pendukung,Unregistered Asset,2025-10-08,91200.0,0.0,0.0,0,
AS-the tenant-0398,1,Jas Hujan NAVY XXL,the tenant,Alat Pendukung,Unregistered Asset,2025-10-08,91200.0,0.0,0.0,0,
AS-the tenant-0399,1,Jas Hujan NAVY XL,the tenant,Alat Pendukung,Unregistered Asset,2025-10-08,95000.0,0.0,0.0,0,
AS-the tenant-0400,1,Jas Hujan NAVY XL,the tenant,Alat Pendukung,Unregistered Asset,2025-10-08,95000.0,0.0,0.0,0,
AS-the tenant-0401,1,Jas Hujan NAVY XL,the tenant,Alat Pendukung,Unregistered Asset,2025-10-08,95000.0,0.0,0.0,0,
AS-the tenant-0402,1,Jas Hujan NAVY XL,the tenant,Alat Pendukung,Unregistered Asset,2025-10-08,95000.0,0.0,0.0,0,
AS-the tenant-0403,1,Jas Hujan NAVY XL,the tenant,Alat Pendukung,Unregistered Asset,2025-10-08,95000.0,0.0,0.0,0,
AS-the tenant-0404,1,Kabel Panjang (Lampu Tenda),the tenant,Alat Pendukung,Unregistered Asset,2024-10-01,157500.0,0.0,0.0,0,
AS-the tenant-0405,1,Kabel Panjang (Lampu Tenda),the tenant,Alat Pendukung,Unregistered Asset,2024-10-01,157500.0,0.0,0.0,0,
AS-the tenant-0406,1,Vacum Cleaner Portable,the tenant,Alat Pendukung,Unregistered Asset,2024-12-24,210000.0,0.0,0.0,0,
AS-the tenant-0407,1,Vacum Cleaner Portable,the tenant,Alat Pendukung,Unregistered Asset,2024-12-24,210000.0,0.0,0.0,0,
AS-the tenant-0408,1,APAR Mobil 1 KG,the tenant,Alat Pendukung,Unregistered Asset,2024-09-25,187500.0,0.0,0.0,0,
AS-the tenant-0409,1,APAR 3KG TONATA (CO2),the tenant,Alat Pendukung,Unregistered Asset,2024-12-28,500000.0,0.0,0.0,0,
AS-the tenant-0410,1,APAR 3KG TONATA (CO2),the tenant,Alat Pendukung,Unregistered Asset,2024-12-28,500000.0,0.0,0.0,0,
